time_s/frequency_ghz,18.000000,19.125000,20.250000,21.375000,22.500000,23.625000,24.750000,25.875000,27.000000
0.000000,0.00000000,0.00000000,0.00000000,0.00000000,0.00000000,0.00000000,0.00000000,0.00000000,0.00000000
0.500000,0.00000000,0.00000000,0.00000000,0.00000000,0.00000000,0.00000000,0.00000000,0.00000000,0.00000000
1.000000,0.00000000,0.00000000,0.00000000,0.00000000,0.00000000,0.00000000,0.00000000,0.00000000,0.00000000
1.500000,0.00000000,0.00000000,0.00000000,0.00000000,0.00000000,0.00000000,0.00000000,0.00000000,0.00000000
2.000000,0.00000000,0.00000000,0.00000000,0.00000000,0.00000000,0.00000000,0.00000000,0.00000000,0.00000000
2.500000,0.00000000,0.00000000,0.00000000,0.00000000,0.00000000,0.00000000,0.00000000,0.00000000,0.00000000
3.000000,0.00000000,0.00000000,0.00000000,0.00000000,0.00000000,0.00000000,0.00000000,0.00000000,0.00000000
3.500000,0.00000000,0.00000000,0.00000000,0.00000000,0.00000000,0.00000000,0.00000000,0.00000000,0.00000000
4.000000,0.00000000,0.00000000,0.00000000,0.00000000,0.00000000,0.00000000,0.00000000,0.00000000,0.00000000
4.500000,0.00000000,0.00000000,0.00000000,0.00000000,0.00000000,0.00000000,0.00000000,0.00000000,0.00000000
5.000000,0.00000000,0.00000000,0.00000000,0.00000000,0.00000000,0.00000000,0.00000000,0.00000000,0.00000000
5.500000,0.00000000,0.00000000,0.00000000,0.00000000,0.00000000,0.00000000,0.00000000,0.00000000,0.00000000
6.000000,0.00000000,0.00000000,0.00000000,0.00000000,0.00000000,0.00000000,0.00000000,0.00000000,0.00000000
6.500000,0.00000000,0.00000000,0.00000000,0.00000000,0.00000000,0.00000000,0.00000000,0.00000000,0.00000000
7.000000,0.00000000,0.00000000,0.00000000,0.00000015,0.00000000,0.00000000,0.00000000,0.00000000,0.00000000
7.500000,0.00000000,0.00000000,0.00000000,0.00001101,0.00000000,0.00000000,0.00000000,0.00000000,0.00000000
8.000000,0.00000000,0.00000000,0.00000000,0.00046089,0.00000000,0.00000000,0.00000000,0.00000000,0.00000000
8.500000,0.00000000,0.00000000,0.00000000,0.00000000,0.00000000,0.00000000,0.00000000,0.00000000,0.00000000
9.000000,0.00000000,0.00000000,0.00000000,0.14371688,0.00000000,0.00000000,0.00000000,0.00000000,0.00000000
9.500000,0.00000000,0.00000000,0.00000000,1.07043471,0.00000000,0.00000000,0.00000000,0.00000000,0.00000000
10.000000,0.00000000,0.00000000,0.00000000,4.48413388,0.00000000,0.00000000,0.00000000,0.00000000,0.00000000
10.500000,0.00000000,0.00000000,0.00000000,10.56484021,0.00000000,0.00000000,0.00000000,0.00000000,0.00000000
11.000000,0.00000000,0.00000000,0.00000000,13.99952406,0.00000000,0.00000000,0.00000000,0.00000000,0.00000000
11.500000,0.00000000,0.00000000,0.00000000,10.43348953,0.00000000,0.00000000,0.00000000,0.00000000,0.00000000
12.000000,0.00000000,0.00000000,0.00000000,4.37332621,0.00000000,0.00000000,0.00000000,0.00000000,0.00000000
12.500000,0.00000000,0.00000000,0.00000000,1.03100349,0.00000000,0.00000000,0.00000000,0.00000000,0.00000000
13.000000,0.00000000,0.00000000,0.00000000,0.13670185,0.00000000,0.00000000,0.00000000,0.00000000,0.00000000
13.500000,0.00000000,0.00000000,0.00000000,0.01019423,0.00000000,0.00000000,0.00000000,0.00000000,0.00000000
14.000000,0.00000000,0.00000000,0.00000000,0.00042756,0.00000000,0.00000000,0.00000000,0.00000000,0.00000000
14.500000,0.00000000,0.00000000,0.00000000,0.00001009,0.00000000,0.00000000,0.00000000,0.00000000,0.00000000
15.000000,0.00000000,0.00000000,0.00000000,0.00000013,0.00000000,0.00000000,0.00000000,0.00000000,0.00000000
15.500000,0.00000000,0.00000000,0.00000000,0.00000000,0.00000000,0.00000000,0.00000000,0.00000000,0.00000000
16.000000,0.00000000,0.00000000,0.00000000,0.00000000,0.00000000,0.00000000,0.00000000,0.00000000,0.00000000
16.500000,0.00000000,0.00000000,0.00000000,0.00000000,0.00000000,0.00000000,0.00000000,0.00000000,0.00000000
17.000000,0.00000000,0.00000000,0.00000000,0.00000000,0.00000000,0.00000000,0.00000000,0.00000000,0.00000000
17.500000,0.00000000,0.00000000,0.00000000,0.00000000,0.00000000,0.00000000,0.00000000,0.00000000,0.00000000
18.000000,0.00000000,0.00000000,0.00000000,0.00000000,0.00000000,0.00000000,0.00000000,0.00000000,0.00000000
18.500000,0.00000000,0.00000000,0.00000000,0.00000000,0.00000000,0.00000000,0.00000000,0.00000000,0.00000000
19.000000,0.00000000,0.00000000,0.00000000,0.00000000,0.00000000,0.00000000,0.00000000,0.00000000,0.00000000
19.500000,0.00000000,0.00000000,0.00000000,0.00000000,0.00000000,0.00000000,0.00000000,0.00000000,0.00000000
20.000000,0.00000000,0.00000000,0.00000000,0.00000000,0.00000000,0.00000000,0.00000000,0.00000000,0.00000000
20.500000,0.00000000,0.00000000,0.00000000,0.00000000,0.00000000,0.00000000,0.00000000,0.00000000,0.00000000
21.000000,0.00000000,0.00000000,0.00000000,0.00000000,0.00000000,0.00000000,0.00000000,0.00000000,0.00000000
21.500000,0.00000000,0.00000000,0.00000000,0.00000000,0.00000000,0.00000000,0.00000000,0.00000000,0.00000000
22.000000,0.00000000,0.00000000,0.00000000,0.00000000,0.00000000,0.00000000,0.00000000,0.00000000,0.00000000
22.500000,0.00000000,0.00000000,0.00000000,0.00000000,0.00000000,0.00000000,0.00000000,0.00000000,0.00000000
23.000000,0.00000000,0.00000000,0.00000000,0.00000000,0.00000000,0.00000000,0.00000000,0.00000000,0.00000000
23.500000,0.00000000,0.00000000,0.00000000,0.00000000,0.00000000,0.00000000,0.00000000,0.00000000,0.00000000
24.000000,0.00000000,0.00000000,0.00000000,0.00000000,0.00000000,0.00000000,0.00000000,0.00000000,0.00000000
24.500000,0.00000000,0.00000000,0.00000000,0.00000000,0.00000000,0.00000000,0.00000000,0.00000000,0.00000000
25.000000,0.00000000,0.00000000,0.00000000,0.00000000,0.00000000,0.00000000,0.00000000,0.00000000,0.00000000
25.500000,0.00000000,0.00000000,0.00000000,0.00000000,0.00000000,0.00000000,0.00000000,0.00000000,0.00000000
26.000000,0.00000000,0.00000000,0.00000000,0.00000000,0.00000000,0.00000000,0.00000000,0.00000000,0.00000000
26.500000,0.00000000,0.00000000,0.00000000,0.00000000,0.00000000,0.00000000,0.00000000,0.00000000,0.00000000
27.000000,0.00000000,0.00000000,0.00000000,0.00000000,0.00000000,0.00000000,0.00000000,0.00000000,0.00000000
27.500000,0.00000000,0.00000000,0.00000000,0.00000000,0.00000000,0.00000000,0.00000000,0.00000000,0.00000000
28.000000,0.00000000,0.00000000,0.00000000,0.00000000,0.00000000,0.00000000,0.00000000,0.00000000,0.00000000
28.500000,0.00000000,0.00000000,0.00000000,0.00000000,0.00000000,0.00000000,0.00000000,0.00000000,0.00000000
29.000000,0.00000000,0.00000000,0.00000000,0.00000000,0.00000000,0.00000000,0.00000000,0.00000000,0.00000000
29.500000,0.00000000,0.00000000,0.00000000,0.00000000,0.00000000,0.00000000,0.00000000,0.00000000,0.00000000
30.000000,0.00000000,0.00000000,0.00000000,0.00000000,0.00000000,0.00000000,0.00000000,0.00000000,0.00000000
30.500000,0.00000000,0.00000000,0.00000000,0.00000000,0.00000000,0.00000000,0.00000000,0.00000000,0.00000000
31.000000,0.00000000,0.00000000,0.00000000,0.00000000,0.00000000,0.00000000,0.00000000,0.00000000,0.00000000
31.500000,0.00000000,0.00000000,0.00000000,0.00000000,0.00000000,0.00000000,0.00000000,0.00000000,0.00000000
32.000000,0.00000000,0.00000000,0.00000000,0.00000000,0.00000000,0.00000000,0.00000000,0.00000000,0.00000000
32.500000,0.00000000,0.00000000,0.00000000,0.00000000,0.00000000,0.00000000,0.00000000,0.00000000,0.00000000
33.000000,0.00000000,0.00000000,0.00000000,0.00000000,0.00000000,0.00000000,0.00000000,0.00000000,0.00000000
33.500000,0.00000000,0.00000000,0.00000000,0.00000000,0.00000000,0.00000000,0.00000000,0.00000000,0.00000000
34.000000,0.00000000,0.00000000,0.00000000,0.00000000,0.00000000,0.00000000,0.00000000,0.00000000,0.00000000
34.500000,0.00000000,0.00000000,0.00000000,0.00000000,0.00000000,0.00000000,0.00000000,0.00000000,0.00000000
35.000000,0.00000000,0.00000000,0.00000000,0.00000000,0.00000000,0.00000000,0.00000000,0.00000000,0.00000000
35.500000,0.00000000,0.00000000,0.00000000,0.00000000,0.00000000,0.00000000,0.00000000,0.00000000,0.00000000
36.000000,0.00000000,0.00000000,0.00000006,0.00000000,0.00000000,0.00000000,0.00000000,0.00000000,0.00000000
36.500000,0.00000000,0.00000000,0.00000474,0.00000000,0.00000000,0.00000000,0.00000000,0.00000000,0.00000000
37.000000,0.00000000,0.00000000,0.00022342,0.00000000,0.00000000,0.00000000,0.00000000,0.00000000,0.00000000
37.500000,0.00000000,0.00000000,0.00592473,0.00000000,0.00000000,0.00000000,0.00000000,0.00000000,0.00000000
38.000000,0.00000000,0.00000000,0.08836323,0.00000000,0.00000000,0.00000000,0.00000000,0.00000000,0.00000000
38.500000,0.00000000,0.00000000,0.74120921,0.00000000,0.00000000,0.00000000,0.00000000,0.00000000,0.00000000
39.000000,0.00000000,0.00000000,3.49684198,0.00000000,0.00000000,0.00000000,0.00000000,0.00000000,0.00000000
39.500000,0.00000000,0.00000000,9.27848733,0.00000000,0.00000000,0.00000000,0.00000000,0.00000000,0.00000000
40.000000,0.00000000,0.00000000,13.84663763,0.00000000,0.00000000,0.00000000,0.00000000,0.00000000,0.00000000
40.500000,0.00000000,0.00000000,11.62190844,0.00000000,0.00000000,0.00000000,0.00000000,0.00000000,0.00000000
41.000000,0.00000000,0.00000000,5.48626205,0.00000000,0.00000000,0.00000000,0.00000000,0.00000000,0.00000000
41.500000,0.00000000,0.00000000,1.45660441,0.00000000,0.00000000,0.00000000,0.00000000,0.00000000,0.00000000
42.000000,0.00000000,0.00000000,0.21750672,0.00000000,0.00000000,0.00000000,0.00000000,0.00000000,0.00000000
42.500000,0.00000000,0.00000000,0.01826710,0.00000000,0.00000000,0.00000000,0.00000000,0.00000000,0.00000000
43.000000,0.00000000,0.00000000,0.00086284,0.00000000,0.00000000,0.00000000,0.00000000,0.00000000,0.00000000
43.500000,0.00000000,0.00000000,0.00002292,0.00000000,0.00000000,0.00000000,0.00000000,0.00000000,0.00000000
44.000000,0.00000000,0.00000000,0.00000034,0.00000000,0.00000000,0.00000000,0.00000000,0.00000000,0.00000000
44.500000,0.00000000,0.00000000,0.00000000,0.00000000,0.00000000,0.00000000,0.00000000,0.00000000,0.00000000
45.000000,0.00000000,0.00000000,0.00000000,0.00000000,0.00000000,0.00000000,0.00000000,0.00000000,0.00000000
45.500000,0.00000000,0.00000000,0.00000000,0.00000000,0.00000000,0.00000000,0.00000000,0.00000000,0.00000000
46.000000,0.00000000,0.00000000,0.00000000,0.00000000,0.00000000,0.00000000,0.00000000,0.00000000,0.00000000
46.500000,0.00000000,0.00000000,0.00000000,0.00000000,0.00000000,0.00000000,0.00000000,0.00000000,0.00000000
47.000000,0.00000000,0.00000000,0.00000000,0.00000000,0.00000000,0.00000000,0.00000000,0.00000000,0.00000000
47.500000,0.00000000,0.00000000,0.00000000,0.00000000,0.00000000,0.00000000,0.00000000,0.00000000,0.00000000
48.000000,0.00000000,0.00000000,0.00000000,0.00000000,0.00000000,0.00000000,0.00000000,0.00000000,0.00000000
48.500000,0.00000000,0.00000000,0.00000000,0.00000000,0.00000000,0.00000000,0.00000000,0.00000000,0.00000000
49.000000,0.00000000,0.00000000,0.00000000,0.00000000,0.00000000,0.00000000,0.00000000,0.00000000,0.00000000
49.500000,0.00000000,0.00000000,0.00000000,0.00000000,0.00000000,0.00000000,0.00000000,0.00000000,0.00000000
50.000000,0.00000000,0.00000000,0.00000000,0.00000000,0.00000000,0.00000000,0.00000000,0.00000000,0.00000000
50.500000,0.00000000,0.00000000,0.00000000,0.00000000,0.00000000,0.00000000,0.00000000,0.00000000,0.00000000
51.000000,0.00000000,0.00000000,0.00000000,0.00000000,0.00000000,0.00000000,0.00000000,0.00000000,0.00000000
51.500000,0.00000000,0.00000000,0.00000000,0.00000000,0.00000000,0.00000000,0.00000000,0.00000000,0.00000000
52.000000,0.00000000,0.00000000,0.00000000,0.00000000,0.00000000,0.00000000,0.00000000,0.00000000,0.00000000
52.500000,0.00000000,0.00000000,0.00000000,0.00000000,0.00000000,0.00000000,0.00000000,0.00000000,0.00000000
53.000000,0.00000000,0.00000000,0.00000000,0.00000000,0.00000000,0.00000000,0.00000000,0.00000000,0.00000000
53.500000,0.00000000,0.00000000,0.00000000,0.00000000,0.00000000,0.00000000,0.00000000,0.00000000,0.00000000
54.000000,0.00000000,0.00000000,0.00000000,0.00000000,0.00000000,0.00000000,0.00000000,0.00000000,0.00000000
54.500000,0.00000000,0.00000000,0.00000000,0.00000000,0.00000000,0.00000000,0.00000000,0.00000000,0.00000000
55.000000,0.00000000,0.00000000,0.00000000,0.00000000,0.00000000,0.00000000,0.00000000,0.00000000,0.00000000
55.500000,0.00000000,0.00000000,0.00000000,0.00000000,0.00000000,0.00000000,0.00000000,0.00000000,0.00000000
56.000000,0.00000000,0.00000000,0.00000000,0.00000000,0.00000000,0.00000000,0.00000000,0.00000000,0.00000000
56.500000,0.00000000,0.00000000,0.00000000,0.00000000,0.00000000,0.00000000,0.00000000,0.00000000,0.00000000
57.000000,0.00000000,0.00000000,0.00000000,0.00000000,0.00000000,0.00000000,0.00000000,0.00000000,0.00000000
57.500000,0.00000000,0.00000000,0.00000000,0.00000000,0.00000000,0.00000000,0.00000000,0.00000000,0.00000000
58.000000,0.00000000,0.00000000,0.00000000,0.00000000,0.00000000,0.00000000,0.00000000,0.00000000,0.00000000
58.500000,0.00000000,0.00000000,0.00000000,0.00000000,0.00000000,0.00000000,0.00000000,0.00000000,0.00000000
59.000000,0.00000000,0.00000000,0.00000000,0.00000000,0.00000000,0.00000000,0.00000000,0.00000000,0.00000000
59.500000,0.00000000,0.00000000,0.00000000,0.00000000,0.00000000,0.00000000,0.00000000,0.00000000,0.00000000
